{
   "frame_main": {
      "widget_type": "CTkFrame",
      "widget_properties": {
      },
      "packing_properties": {
         "packing_type": "pack",
         "fill": "both",
         "expand": true
      },
      "grid_configuration": {
         "rows": {
            "0": { "weight": 1 }
         },
         "columns": {
            "0": { "weight": 1 }
         }
      },
      "children": {

         "frame_dictionary_edit_box": {
            "widget_type": "CTkFrame",
            "widget_properties": {
            },
            "packing_properties": {
               "packing_type": "grid",
               "sticky": "nsew",
               "row": 0,
               "column": 0,
               "padx": [ 20, 5 ],
               "pady": [ 20, 20 ]
            },
            "grid_configuration": {
               "rows": {
                  "0": { "weight": 1 }
               },
               "columns": {
                  "0": { "weight": 1 },
                  "1": { "weight": 1 },
                  "2": { "weight": 1 }
               }
            },
            "children": {
               "custom_textbox_dictionary_edit_box": {
                  "widget_type": "CustomTextbox",
                  "widget_properties": {
                     "activate_scrollbars": true,
                     "font": {
                        "family": "Comic Sans MS",
                        "size": 18,
                        "weight": "bold"
                     }
                  },
                  "packing_properties": {
                     "packing_type": "grid",
                     "sticky": "nsew",
                     "row": 0,
                     "column": 0,
                     "columnspan": 3,
                     "padx": [ 10, 10 ],
                     "pady": [ 10, 5 ]
                  }
               },
               "btn_save_dictionary_file": {
                  "widget_type": "CTkButton",
                  "widget_properties": {
                     "text": "btn_save_dictionary_file",
                     "font": {
                        "family": "Comic Sans MS",
                        "size": 18,
                        "weight": "bold"
                     },
                     "command": "_on_save_dictionary_file"
                  },
                  "packing_properties": {
                     "packing_type": "grid",
                     "sticky": "nsew",
                     "row": 1,
                     "column": 0,
                     "padx": [ 10, 5 ],
                     "pady": [ 5, 10 ]
                  }
               },
               "btn_load_dictionary_file": {
                  "widget_type": "CTkButton",
                  "widget_properties": {
                     "text": "btn_load_dictionary_file",
                     "font": {
                        "family": "Comic Sans MS",
                        "size": 18,
                        "weight": "bold"
                     },
                     "command": "_on_load_dictionary_file"
                  },
                  "packing_properties": {
                     "packing_type": "grid",
                     "sticky": "nsew",
                     "row": 1,
                     "column": 1,
                     "padx": [ 5, 5 ],
                     "pady": [ 5, 10 ]
                  }
               },
               "btn_clear_dictionary_edit_textbox": {
                  "widget_type": "CTkButton",
                  "widget_properties": {
                     "text": "btn_clear_dictionary_edit_textbox",
                     "font": {
                        "family": "Comic Sans MS",
                        "size": 18,
                        "weight": "bold"
                     },
                     "command": "_on_clear_dictionary_edit_textbox"
                  },
                  "packing_properties": {
                     "packing_type": "grid",
                     "sticky": "nsew",
                     "row": 1,
                     "column": 2,
                     "padx": [ 5, 10 ],
                     "pady": [ 5, 10 ]
                  }
               }
            }
         },

         "frame_dictionary_files": {
            "widget_type": "CTkFrame",
            "widget_properties": {
            },
            "packing_properties": {
               "packing_type": "grid",
               "sticky": "nsew",
               "row": 0,
               "column": 1,
               "padx": [ 5, 20 ],
               "pady": [ 20, 20 ]
            },
            "grid_configuration": {
               "rows": {
                  "0": { "weight": 1 }
               },
               "columns": {
                  "0": { "weight": 1 }
               }
            },
            "children": {
               "scroll_list_dictionaries": {
                  "widget_type": "ScrollableSelectionFrame",
                  "widget_properties": {
                     "widget_type": "label",
                     "single_select": true,
                     "variable": "dictionary_files_list",
                     "font": {
                        "family": "Comic Sans MS",
                        "size": 18,
                        "weight": "bold"
                     }
                  },
                  "packing_properties": {
                     "packing_type": "grid",
                     "sticky": "nsew",
                     "row": 0,
                     "column": 0,
                     "columnspan": 2,
                     "padx": [ 10, 10 ],
                     "pady": [ 10, 5 ]
                  }
               },
               "dropdown_language_select": {
                  "widget_type": "CTkOptionMenu",
                  "widget_properties": {
                     "font": {
                        "family": "Comic Sans MS",
                        "size": 18,
                        "weight": "bold"
                     },
                     "values": "supported_languages"
                  },
                  "packing_properties": {
                     "packing_type": "grid",
                     "sticky": "nsew",
                     "row": 1,
                     "column": 0,
                     "padx": [ 10, 10 ],
                     "pady": [ 5, 5 ]
                  }
               },
               "btn_create_dictionary_file": {
                  "widget_type": "CTkButton",
                  "widget_properties": {
                     "text": "btn_create_dictionary_file",
                     "font": {
                        "family": "Comic Sans MS",
                        "size": 18,
                        "weight": "bold"
                     },
                     "command": "_on_create_dictionary_file"
                  },
                  "packing_properties": {
                     "packing_type": "grid",
                     "sticky": "nsew",
                     "row": 2,
                     "column": 0,
                     "padx": [ 10, 10 ],
                     "pady": [ 5, 5 ]
                  }
               },
               "btn_delete_dictionary_file": {
                  "widget_type": "CTkButton",
                  "widget_properties": {
                     "text": "btn_delete_dictionary_file",
                     "font": {
                        "family": "Comic Sans MS",
                        "size": 18,
                        "weight": "bold"
                     },
                     "command": "_on_delete_dictionary_file"
                  },
                  "packing_properties": {
                     "packing_type": "grid",
                     "sticky": "nsew",
                     "row": 3,
                     "column": 0,
                     "padx": [ 10, 10 ],
                     "pady": [ 5, 10 ]
                  }
               }
            }

         }
      }
   }
}