{
   "frame_main": {
      "widget_type": "CTkFrame",
      "widget_properties": {
      },
      "packing_properties": {
         "packing_type": "pack",
         "fill": "both",
         "expand": true
      },
      "grid_configuration": {
         "rows": {
            "0": { "weight": 1 }
         },
         "columns": {
            "0": { "weight": 1 }
         }
      },
      "children": {

         "frame_language_edit": {
            "widget_type": "CTkFrame",
            "widget_properties": {
            },
            "packing_properties": {
               "packing_type": "grid",
               "sticky": "nsew",
               "row": 0,
               "column": 0,
               "padx": [ 20, 20 ],
               "pady": [ 20, 20 ]
            },
            "grid_configuration": {
               "rows": {
                  "0": { "weight": 1 }
               },
               "columns": {
                  "0": { "weight": 1 },
                  "1": { "weight": 1 },
                  "2": { "weight": 1 }
               }
            },
            "children": {
               "scroll_list_languages": {
                  "widget_type": "ScrollableSelectionFrame",
                  "widget_properties": {
                     "widget_type": "checkbox",
                     "single_select": false,
                     "variable": "supported_languages",
                     "font": {
                        "family": "Comic Sans MS",
                        "size": 18,
                        "weight": "bold"
                     }
                  },
                  "packing_properties": {
                     "packing_type": "grid",
                     "sticky": "nsew",
                     "row": 0,
                     "column": 0,
                     "columnspan": 3,
                     "padx": [ 10, 10 ],
                     "pady": [ 10, 5 ]
                  }
               },
               "entry_new_language": {
                  "widget_type": "CTkEntry",
                  "widget_properties": {
                     "font": {
                        "family": "Comic Sans MS",
                        "size": 18,
                        "weight": "bold"
                     }
                  },
                  "packing_properties": {
                     "packing_type": "grid",
                     "sticky": "nsew",
                     "row": 1,
                     "column": 0,
                     "columnspan": 3,
                     "padx": [ 10, 10 ],
                     "pady": [ 5, 5 ]
                  }
               },
               "btn_add_language": {
                  "widget_type": "CTkButton",
                  "widget_properties": {
                     "text": "btn_add_language",
                     "font": {
                        "family": "Comic Sans MS",
                        "size": 18,
                        "weight": "bold"
                     },
                     "command": "_on_add_language"
                  },
                  "packing_properties": {
                     "packing_type": "grid",
                     "sticky": "nsew",
                     "row": 2,
                     "column": 0,
                     "padx": [ 10, 5 ],
                     "pady": [ 5, 5 ]
                  }
               },
               "btn_remove_language": {
                  "widget_type": "CTkButton",
                  "widget_properties": {
                     "text": "btn_remove_language",
                     "font": {
                        "family": "Comic Sans MS",
                        "size": 18,
                        "weight": "bold"
                     },
                     "command": "_on_remove_language"
                  },
                  "packing_properties": {
                     "packing_type": "grid",
                     "sticky": "nsew",
                     "row": 2,
                     "column": 1,
                     "padx": [ 5, 5 ],
                     "pady": [ 5, 5 ]
                  }
               },
               "btn_save_custom": {
                  "widget_type": "CTkButton",
                  "widget_properties": {
                     "text": "btn_save_custom",
                     "font": {
                        "family": "Comic Sans MS",
                        "size": 18,
                        "weight": "bold"
                     },
                     "command": "_on_save_custom"
                  },
                  "packing_properties": {
                     "packing_type": "grid",
                     "sticky": "nsew",
                     "row": 3,
                     "column": 0,
                     "padx": [ 10, 5 ],
                     "pady": [ 5, 10 ]
                  }
               },
               "btn_load_custom": {
                  "widget_type": "CTkButton",
                  "widget_properties": {
                     "text": "btn_load_custom",
                     "font": {
                        "family": "Comic Sans MS",
                        "size": 18,
                        "weight": "bold"
                     },
                     "command": "_on_load_custom"
                  },
                  "packing_properties": {
                     "packing_type": "grid",
                     "sticky": "nsew",
                     "row": 3,
                     "column": 1,
                     "padx": [ 5, 5 ],
                     "pady": [ 5, 10 ]
                  }
               },
               "btn_load_default": {
                  "widget_type": "CTkButton",
                  "widget_properties": {
                     "text": "btn_load_default",
                     "font": {
                        "family": "Comic Sans MS",
                        "size": 18,
                        "weight": "bold"
                     },
                     "command": "_on_load_default"
                  },
                  "packing_properties": {
                     "packing_type": "grid",
                     "sticky": "nsew",
                     "row": 3,
                     "column": 2,
                     "padx": [ 5, 10 ],
                     "pady": [ 5, 10 ]
                  }
               }
            }
         }
      }

   }
}