{
   "main_frame": {
      "widget_type": "CTkFrame",
      "widget_properties": {
      },
      "packing_properties": {
         "packing_type": "pack",
         "fill": "both",
         "expand": true
      },
      "grid_configuration": {
         "rows": {
            "0": { "weight": 1 }
         },
         "columns": {
            "0": { "weight": 0 },
            "1": { "weight": 1 }
         }
      },
      "children": {
         "translation_frame": {
            "widget_type": "CTkFrame",
            "widget_properties": {
            },
            "packing_properties": {
               "packing_type": "grid",
               "sticky": "nsew",
               "row": 0,
               "column": 0,
               "padx": [ 20, 10 ],
               "pady": [ 20, 20 ]
            },
            "grid_configuration": {
               "rows": {
                  "0": { "weight": 0 },
                  "1": { "weight": 1 }
               },
               "columns": {
                  "0": { "weight": 0 },
                  "1": { "weight": 0 }
               }
            },
            "children": {
               "btn_select_all": {
                  "widget_type": "CTkButton",
                  "widget_properties": {
                     "text": "btn_select_all",
                     "font": {
                        "family": "Comic Sans MS",
                        "size": 18,
                        "weight": "bold"
                     },
                     "command": "_on_select_all"
                  },
                  "packing_properties": {
                     "packing_type": "grid",
                     "sticky": "nsew",
                     "row": 0,
                     "column": 0,
                     "padx": [ 10, 10 ],
                     "pady": [ 10, 5 ]
                  }
               },
               "btn_deselect_all": {
                  "widget_type": "CTkButton",
                  "widget_properties": {
                     "text": "btn_deselect_all",
                     "font": {
                        "family": "Comic Sans MS",
                        "size": 18,
                        "weight": "bold"
                     },
                     "command": "_on_deselect_all"
                  },
                  "packing_properties": {
                     "packing_type": "grid",
                     "sticky": "nsew",
                     "row": 0,
                     "column": 1,
                     "padx": [ 5, 10 ],
                     "pady": [ 10, 5 ]
                  }
               },
               "scroll_list_language_selection": {
                  "widget_type": "ScrollableSelectionFrame",
                  "widget_properties": {
                     "widget_type": "checkbox",
                     "single_select": false,
                     "values": "selected_languages",
                     "variable": "supported_languages",
                     "font": {
                        "family": "Comic Sans MS",
                        "size": 18,
                        "weight": "bold"
                     }
                  },
                  "packing_properties": {
                     "packing_type": "grid",
                     "sticky": "nsew",
                     "row": 1,
                     "column": 0,
                     "columnspan": 2,
                     "padx": [ 10, 10 ],
                     "pady": [ 5, 5 ]
                  }
               },
               "btn_translate": {
                  "widget_type": "CTkButton",
                  "widget_properties": {
                     "text": "btn_translate",
                     "font": {
                        "family": "Comic Sans MS",
                        "size": 18,
                        "weight": "bold"
                     },
                     "command": "_on_translate"
                  },
                  "packing_properties": {
                     "packing_type": "grid",
                     "sticky": "nsew",
                     "row": 2,
                     "column": 0,
                     "columnspan": 2,
                     "padx": [ 10, 10 ],
                     "pady": [ 5, 5 ]
                  }
               },
               "btn_validate_output_files": {
                  "widget_type": "CTkButton",
                  "widget_properties": {
                     "text": "btn_validate_output_files",
                     "font": {
                        "family": "Comic Sans MS",
                        "size": 18,
                        "weight": "bold"
                     },
                     "command": "_on_validate_output_files"
                  },
                  "packing_properties": {
                     "packing_type": "grid",
                     "sticky": "nsew",
                     "row": 3,
                     "column": 0,
                     "columnspan": 2,
                     "padx": [ 10, 10 ],
                     "pady": [ 5, 5 ]
                  }
               },
               "btn_find_missing_translations": {
                  "widget_type": "CTkButton",
                  "widget_properties": {
                     "text": "btn_find_missing_translations",
                     "font": {
                        "family": "Comic Sans MS",
                        "size": 18,
                        "weight": "bold"
                     },
                     "command": "_on_find_missing_translations"
                  },
                  "packing_properties": {
                     "packing_type": "grid",
                     "sticky": "nsew",
                     "row": 4,
                     "column": 0,
                     "columnspan": 2,
                     "padx": [ 10, 10 ],
                     "pady": [ 5, 10 ]
                  }
               }
            }
         },
         "console_output_frame": {
            "widget_type": "CTkFrame",
            "widget_properties": {
            },
            "packing_properties": {
               "packing_type": "grid",
               "sticky": "nsew",
               "row": 0,
               "column": 1,
               "padx": [ 10, 20 ],
               "pady": [ 20, 20 ]
            },
            "grid_configuration": {
               "rows": {
                  "0": { "weight": 1 }
               },
               "columns": {
                  "0": { "weight": 1 }
               }
            },
            "children": {
               "textbox_output_console": {
                  "widget_type": "CustomConsoleTextbox",
                  "widget_properties": {
                     "autoscroll": true,
                     "max_lines": 1000,
                     "font": {
                        "family": "Comic Sans MS",
                        "size": 18,
                        "weight": "normal"
                     }
                  },
                  "packing_properties": {
                     "packing_type": "grid",
                     "sticky": "nsew",
                     "row": 0,
                     "column": 0,
                     "columnspan": 2,
                     "padx": [ 10, 10 ],
                     "pady": [ 10, 5 ]
                  }
               },
               "btn_clear_console": {
                  "widget_type": "CTkButton",
                  "widget_properties": {
                     "text": "btn_clear_console",
                     "font": {
                        "family": "Comic Sans MS",
                        "size": 18,
                        "weight": "bold"
                     },
                     "command": "_on_clear_console"
                  },
                  "packing_properties": {
                     "packing_type": "grid",
                     "sticky": "nsew",
                     "row": 1,
                     "column": 1,
                     "padx": [ 10, 10 ],
                     "pady": [ 5, 10 ]
                  }
               }
            }
         }
      }
   }
}
